{
    "chords": [
        {
            "name": "Gb7",
            "notes": [
                -18,
                1,
                4,
                6,
                10
            ]
        },
        {
            "name": "Gbma7",
            "notes": [
                -18,
                1,
                5,
                6,
                10
            ]
        },
        {
            "name": "Gbma9",
            "notes": [
                -18,
                1,
                5,
                6,
                8,
                10
            ]
        },
        {
            "name": "Gbsus2",
            "notes": [
                -18,
                1,
                6,
                8
            ]
        },
        {
            "name": "Gbsus4",
            "notes": [
                -18,
                1,
                6,
                11
            ]
        },
        {
            "name": "Gbmi7",
            "notes": [
                -18,
                1,
                4,
                6,
                9
            ]
        },
        {
            "name": "Gbmi9",
            "notes": [
                -18,
                1,
                4,
                6,
                8,
                9
            ]
        },
        {
            "name": "Gbdim",
            "notes": [
                -18,
                0,
                6,
                9,
                12
            ]
        },
        {
            "name": "Gbmiadd9",
            "notes": [
                -18,
                1,
                6,
                8,
                9
            ]
        },
        {
            "name": "Gbadd9",
            "notes": [
                -18,
                1,
                6,
                8,
                10
            ]
        },
        {
            "name": "Gbaug",
            "notes": [
                -18,
                2,
                6,
                10,
                14
            ]
        },
        {
            "name": "Gb11",
            "notes": [
                -18,
                1,
                4,
                6,
                8,
                11
            ]
        }
    ],
    "name": "F# Chords",
    "typeId": "native-instruments-chord-set",
    "uuid": "18dab3c5-f905-4076-a9c0-76824f5de352",
    "version": "1.0.0"
}