{
    "chords": [
        {
            "name": "G7",
            "notes": [
                -17,
                2,
                5,
                7,
                11
            ]
        },
        {
            "name": "Gma7",
            "notes": [
                -17,
                2,
                6,
                7,
                11
            ]
        },
        {
            "name": "Gma9",
            "notes": [
                -17,
                2,
                6,
                7,
                9,
                11
            ]
        },
        {
            "name": "Gma11",
            "notes": [
                -17,
                2,
                6,
                7,
                9,
                11,
                12
            ]
        },
        {
            "name": "Gadd9",
            "notes": [
                -17,
                2,
                7,
                9,
                11
            ]
        },
        {
            "name": "Gsus4",
            "notes": [
                -17,
                2,
                7,
                12
            ]
        },
        {
            "name": "Gsus2",
            "notes": [
                -17,
                2,
                7,
                9
            ]
        },
        {
            "name": "Gmi7",
            "notes": [
                -17,
                2,
                5,
                7,
                10
            ]
        },
        {
            "name": "Gmiadd9",
            "notes": [
                -17,
                2,
                7,
                9,
                10
            ]
        },
        {
            "name": "G7_B",
            "notes": [
                -13,
                2,
                5,
                7,
                11
            ]
        },
        {
            "name": "G7#9",
            "notes": [
                -17,
                2,
                5,
                7,
                10,
                11
            ]
        },
        {
            "name": "Gmi11",
            "notes": [
                -17,
                2,
                5,
                7,
                9,
                10,
                12
            ]
        }
    ],
    "name": "G Chords",
    "typeId": "native-instruments-chord-set",
    "uuid": "464fe745-b40e-e77e-3842-432bc78d72d5",
    "version": "1.0.0"
}