{
    "chords": [
        {
            "name": "Ama7",
            "notes": [
                -15,
                1,
                4,
                8
            ]
        },
        {
            "name": "Aadd9",
            "notes": [
                -15,
                -1,
                1,
                4
            ]
        },
        {
            "name": "Asus2",
            "notes": [
                -15,
                -8,
                -3,
                -1
            ]
        },
        {
            "name": "Asus4",
            "notes": [
                -15,
                2,
                4,
                9
            ]
        },
        {
            "name": "Ami7",
            "notes": [
                -15,
                -5,
                -3,
                0
            ]
        },
        {
            "name": "Ami6",
            "notes": [
                -15,
                -6,
                -3,
                0
            ]
        },
        {
            "name": "Ami#5",
            "notes": [
                -15,
                -7,
                -3,
                0
            ]
        },
        {
            "name": "Ami_add9",
            "notes": [
                -15,
                -1,
                0,
                4,
                9
            ]
        },
        {
            "name": "Ami6_9",
            "notes": [
                -15,
                0,
                4,
                6,
                11
            ]
        },
        {
            "name": "Ami9_ma7",
            "notes": [
                -15,
                0,
                4,
                8,
                11
            ]
        },
        {
            "name": "Ami_C",
            "notes": [
                -12,
                0,
                4,
                9
            ]
        },
        {
            "name": "Ami_E",
            "notes": [
                -20,
                -8,
                -3,
                0
            ]
        }
    ],
    "name": "A Chords",
    "typeId": "native-instruments-chord-set",
    "uuid": "15758018-9208-1ad1-0a5b-2a8fb8ff8590",
    "version": "1.0.0"
}