{
    "chords": [
        {
            "name": "Ama7",
            "notes": [
                -15,
                -3,
                1,
                4,
                8
            ]
        },
        {
            "name": "Ami7",
            "notes": [
                -15,
                0,
                4,
                7
            ]
        },
        {
            "name": "Bbma7",
            "notes": [
                -14,
                -2,
                2,
                5,
                9
            ]
        },
        {
            "name": "Bbmi7",
            "notes": [
                -14,
                1,
                5,
                8
            ]
        },
        {
            "name": "Bma7",
            "notes": [
                -13,
                -1,
                3,
                6,
                10
            ]
        },
        {
            "name": "Bmi7",
            "notes": [
                -13,
                2,
                6,
                9
            ]
        },
        {
            "name": "Cma7",
            "notes": [
                -12,
                0,
                4,
                7,
                11
            ]
        },
        {
            "name": "Cmi7",
            "notes": [
                -12,
                3,
                7,
                10
            ]
        },
        {
            "name": "Dbma7",
            "notes": [
                -11,
                1,
                5,
                8,
                12
            ]
        },
        {
            "name": "Dbmi7",
            "notes": [
                -11,
                4,
                8,
                11
            ]
        },
        {
            "name": "Dma7",
            "notes": [
                -10,
                2,
                6,
                9,
                13
            ]
        },
        {
            "name": "Dmi7",
            "notes": [
                -10,
                5,
                9,
                12
            ]
        }
    ],
    "name": "m7s A_D",
    "typeId": "native-instruments-chord-set",
    "uuid": "00ea3278-def6-a93d-cf26-b930cbb21649",
    "version": "1.0.0"
}