{
    "chords": [
        {
            "name": "Bbma7",
            "notes": [
                -14,
                -2,
                2,
                5,
                9
            ]
        },
        {
            "name": "Cmaj7",
            "notes": [
                -12,
                -8,
                -5,
                -1
            ]
        },
        {
            "name": "C7",
            "notes": [
                -12,
                -8,
                -5,
                -2
            ]
        },
        {
            "name": "Cmiadd9",
            "notes": [
                -24,
                -10,
                -9,
                -5,
                0
            ]
        },
        {
            "name": "Eb7",
            "notes": [
                -21,
                -2,
                3,
                7,
                13
            ]
        },
        {
            "name": "Ebadd9",
            "notes": [
                -21,
                -2,
                3,
                5,
                7
            ]
        },
        {
            "name": "F7",
            "notes": [
                -19,
                0,
                3,
                9
            ]
        },
        {
            "name": "Fma7",
            "notes": [
                -19,
                0,
                4,
                5,
                9
            ]
        },
        {
            "name": "Fmi7",
            "notes": [
                -19,
                0,
                3,
                5,
                8
            ]
        },
        {
            "name": "Gmi7",
            "notes": [
                -17,
                2,
                5,
                7,
                10
            ]
        },
        {
            "name": "Gmaj7",
            "notes": [
                -5,
                -1,
                2,
                6
            ]
        },
        {
            "name": "G7",
            "notes": [
                -5,
                -1,
                2,
                5
            ]
        }
    ],
    "name": "Pieces of Stevie 1",
    "typeId": "native-instruments-chord-set",
    "uuid": "f167e8bc-f17f-47cd-8ded-2260f6bcd4a9",
    "version": "1.0.0"
}