{
    "chords": [
        {
            "name": "Dsus2",
            "notes": [
                -10,
                -3,
                2,
                4
            ]
        },
        {
            "name": "Dsus4",
            "notes": [
                -10,
                2,
                7,
                9
            ]
        },
        {
            "name": "D_C#",
            "notes": [
                -11,
                2,
                6,
                9
            ]
        },
        {
            "name": "D_B",
            "notes": [
                -13,
                2,
                6,
                9
            ]
        },
        {
            "name": "D_A",
            "notes": [
                -15,
                2,
                6,
                9
            ]
        },
        {
            "name": "Dadd9",
            "notes": [
                -10,
                4,
                6,
                9
            ]
        },
        {
            "name": "D_F#",
            "notes": [
                -6,
                6,
                9,
                14
            ]
        },
        {
            "name": "Dma9",
            "notes": [
                -10,
                1,
                4,
                6,
                9
            ]
        },
        {
            "name": "D9#5",
            "notes": [
                -10,
                6,
                10,
                12,
                16
            ]
        },
        {
            "name": "Dma7",
            "notes": [
                -10,
                9,
                13,
                14,
                18
            ]
        },
        {
            "name": "Dmi7",
            "notes": [
                -10,
                9,
                14,
                17,
                24
            ]
        },
        {
            "name": "Dmi9",
            "notes": [
                -10,
                9,
                14,
                16,
                17
            ]
        }
    ],
    "name": "D Chords",
    "typeId": "native-instruments-chord-set",
    "uuid": "b838f1c7-e83d-066e-0d45-aeff583f7abd",
    "version": "1.0.0"
}
