{
    "chords": [
        {
            "name": "Badd9",
            "notes": [
                -13,
                1,
                3,
                6
            ]
        },
        {
            "name": "B7#11",
            "notes": [
                -25,
                -6,
                -3,
                1,
                5
            ]
        },
        {
            "name": "Bma7",
            "notes": [
                -25,
                -9,
                -6,
                -2
            ]
        },
        {
            "name": "B9",
            "notes": [
                -25,
                -9,
                -6,
                -3,
                1
            ]
        },
        {
            "name": "Bmi7",
            "notes": [
                -13,
                -3,
                2,
                6
            ]
        },
        {
            "name": "B6",
            "notes": [
                -13,
                -1,
                3,
                8
            ]
        },
        {
            "name": "Bbma7",
            "notes": [
                -14,
                -3,
                2,
                5
            ]
        },
        {
            "name": "Bb_A",
            "notes": [
                -15,
                -2,
                2,
                5
            ]
        },
        {
            "name": "Bb_G",
            "notes": [
                -17,
                -2,
                2,
                5
            ]
        },
        {
            "name": "Bb_F",
            "notes": [
                -19,
                -2,
                2,
                5
            ]
        },
        {
            "name": "Bbadd9",
            "notes": [
                -14,
                0,
                2,
                5
            ]
        },
        {
            "name": "Bbsus4",
            "notes": [
                -14,
                -2,
                3,
                5
            ]
        }
    ],
    "name": "B/Bb Chords",
    "typeId": "native-instruments-chord-set",
    "uuid": "0a272969-623e-5513-77f8-0736e5c38464",
    "version": "1.0.0"
}