{
  "chords": [
    {
      "name": "Csus2",
      "notes": [
        -12,
        -5,
        0,
        2
      ]
    },
    {
      "name": "Csus4",
      "notes": [
        -12,
        0,
        5,
        7
      ]
    },
    {
      "name": "C_G",
      "notes": [
        -17,
        0,
        4,
        7
      ]
    },
    {
      "name": "C_A",
      "notes": [
        -15,
        0,
        4,
        7
      ]
    },
    {
      "name": "C_F",
      "notes": [
        -19,
        0,
        4,
        7
      ]
    },
    {
      "name": "C_E",
      "notes": [
        -8,
        0,
        4,
        7
      ]
    },
    {
      "name": "C_B",
      "notes": [
        -13,
        0,
        4,
        7
      ]
    },
    {
      "name": "Cma9",
      "notes": [
        -12,
        -1,
        2,
        4,
        7
      ]
    },
    {
      "name": "Cma7",
      "notes": [
        -12,
        4,
        7,
        11
      ]
    },
    {
      "name": "C11",
      "notes": [
        -12,
        2,
        5,
        7,
        12
      ]
    },
    {
      "name": "C7#9b13",
      "notes": [
        -12,
        4,
        8,
        10,
        15
      ]
    },
    {
      "name": "C7sus4",
      "notes": [
        -12,
        5,
        7,
        10
      ]
    }
  ],
  "name": "C Chords",
  "typeId": "native-instruments-chord-set",
  "uuid": "1cf215be-2abf-223c-6a62-6782b59bea15",
  "version": "1.0.0"
}
