{
    "chords": [
        {
            "name": "Dbsus4",
            "notes": [
                -11,
                1,
                6,
                8
            ]
        },
        {
            "name": "Db_C",
            "notes": [
                -12,
                1,
                5,
                8
            ]
        },
        {
            "name": "Db_Bb",
            "notes": [
                -14,
                1,
                5,
                8
            ]
        },
        {
            "name": "Db_Ab",
            "notes": [
                -16,
                1,
                5,
                8
            ]
        },
        {
            "name": "Db_F",
            "notes": [
                -7,
                5,
                8,
                13
            ]
        },
        {
            "name": "Dbma9",
            "notes": [
                -11,
                0,
                3,
                5,
                8
            ]
        },
        {
            "name": "Dbmi7",
            "notes": [
                -11,
                -1,
                4,
                8
            ]
        },
        {
            "name": "Dbma7",
            "notes": [
                -11,
                0,
                5,
                8
            ]
        },
        {
            "name": "Dbmi9",
            "notes": [
                -11,
                3,
                4,
                8,
                13
            ]
        },
        {
            "name": "Db7b9b13",
            "notes": [
                -11,
                5,
                9,
                11,
                14
            ]
        },
        {
            "name": "Dbmi11",
            "notes": [
                -11,
                8,
                11,
                15,
                18
            ]
        },
        {
            "name": "Dbmi_Ab",
            "notes": [
                -4,
                4,
                8,
                13
            ]
        }
    ],
    "name": "C# Chords",
    "typeId": "native-instruments-chord-set",
    "uuid": "cf9dbed3-dd0c-03b0-b16e-d75099f75c0d",
    "version": "1.0.0"
}
