{
    "chords": [
        {
            "name": "Abma7",
            "notes": [
                -16,
                0,
                3,
                7
            ]
        },
        {
            "name": "Abmi7",
            "notes": [
                -16,
                -1,
                3,
                6
            ]
        },
        {
            "name": "Abadd9",
            "notes": [
                -16,
                -2,
                0,
                3
            ]
        },
        {
            "name": "Abmi7_Gb",
            "notes": [
                -18,
                -1,
                3,
                6
            ]
        },
        {
            "name": "Abmi11",
            "notes": [
                -16,
                -2,
                -1,
                3,
                6,
                13
            ]
        },
        {
            "name": "Abma11",
            "notes": [
                -16,
                -2,
                0,
                3,
                7,
                13
            ]
        },
        {
            "name": "Absus2",
            "notes": [
                -16,
                -2,
                3
            ]
        },
        {
            "name": "Absus4",
            "notes": [
                -16,
                1,
                3
            ]
        },
        {
            "name": "Abdim",
            "notes": [
                -16,
                -1,
                2
            ]
        },
        {
            "name": "Ab11",
            "notes": [
                -16,
                -2,
                1,
                3,
                6
            ]
        },
        {
            "name": "Abaug",
            "notes": [
                -16,
                -4,
                0,
                4
            ]
        },
        {
            "name": "Abmi#5",
            "notes": [
                -16,
                -1,
                4
            ]
        }
    ],
    "name": "G# Chords",
    "typeId": "native-instruments-chord-set",
    "uuid": "5b6520d4-0cba-6958-7652-bbf590dc865b",
    "version": "1.0.0"
}