{
    "chords": [
        {
            "name": "Ebma7",
            "notes": [
                -21,
                -9,
                -5,
                -2,
                2
            ]
        },
        {
            "name": "Ebmi7",
            "notes": [
                -21,
                -6,
                -2,
                1
            ]
        },
        {
            "name": "Ema7",
            "notes": [
                -20,
                -8,
                -4,
                -1,
                3
            ]
        },
        {
            "name": "Emi7",
            "notes": [
                -20,
                -5,
                -1,
                2
            ]
        },
        {
            "name": "Fma7",
            "notes": [
                -19,
                -7,
                -3,
                0,
                4
            ]
        },
        {
            "name": "Fmi7",
            "notes": [
                -19,
                -4,
                0,
                3
            ]
        },
        {
            "name": "Gbma7",
            "notes": [
                -18,
                -6,
                -2,
                1,
                5
            ]
        },
        {
            "name": "Gbmi7",
            "notes": [
                -18,
                -3,
                1,
                4
            ]
        },
        {
            "name": "Gma7",
            "notes": [
                -17,
                -5,
                -1,
                2,
                6
            ]
        },
        {
            "name": "Gmi7",
            "notes": [
                -17,
                -2,
                2,
                5
            ]
        },
        {
            "name": "Abma7",
            "notes": [
                -16,
                -4,
                0,
                3,
                7
            ]
        },
        {
            "name": "Abmi7",
            "notes": [
                -16,
                -1,
                3,
                6
            ]
        }
    ],
    "name": "m7s E_Ab",
    "typeId": "native-instruments-chord-set",
    "uuid": "3dbf20f3-3bda-afff-73e5-194e8390de1a",
    "version": "1.0.0"
}