{
    "chords": [
        {
            "name": "Cmiadd9",
            "notes": [
                -12,
                2,
                3,
                7,
                12
            ]
        },
        {
            "name": "Cmi9ma7",
            "notes": [
                -12,
                3,
                7,
                11,
                14
            ]
        },
        {
            "name": "Cmi7",
            "notes": [
                -12,
                3,
                7,
                10
            ]
        },
        {
            "name": "Cmi9",
            "notes": [
                -12,
                3,
                7,
                10,
                14
            ]
        },
        {
            "name": "Cmi6_9",
            "notes": [
                -12,
                3,
                7,
                9,
                14
            ]
        },
        {
            "name": "Cmi6",
            "notes": [
                -12,
                -3,
                0,
                3
            ]
        },
        {
            "name": "Cmi_#5",
            "notes": [
                -12,
                -4,
                0,
                3
            ]
        },
        {
            "name": "Cmi_G",
            "notes": [
                -5,
                3,
                7,
                12
            ]
        },
        {
            "name": "Cmi_A",
            "notes": [
                -15,
                0,
                3,
                7
            ]
        },
        {
            "name": "Cmi_Bb",
            "notes": [
                -14,
                -5,
                0,
                3
            ]
        },
        {
            "name": "Cmi11",
            "notes": [
                -12,
                2,
                5,
                7,
                10
            ]
        },
        {
            "name": "Cmi11_G",
            "notes": [
                -5,
                5,
                10,
                12,
                15
            ]
        }
    ],
    "name": "C mi Chords",
    "typeId": "native-instruments-chord-set",
    "uuid": "e161aaed-2a72-315e-5a54-5dabc09b4547",
    "version": "1.0.0"
}