{
    "chords": [
        {
      "name": "Bb",
      "notes": [-2, 2, 5]
    },
    {
      "name": "Ab",
      "notes": [-4, 0, 3]
    },
    {
      "name": "F#",
      "notes": [-6, -2, 1]
    },
    {
      "name": "F#7",
      "notes": [
                -18,
                1,
                4,
                10
            ]
    },
    {
            "name": "C#min",
            "notes": [
                -11,
                -8,
                -4
            ]
        },
    {
      "name": "B6",
      "notes": [
                -25,
                -9,
                -6,
                -4
            ]
    },
    {
      "name": "Bmaj7",
      "notes": [-13, -9, -6, -2]
    },
    {
      "name": "B7",
      "notes": [
                -25,
                -6,
                -3,
                3
            ]
    },
    {
      "name": "Emaj7",
      "notes": [-8, -4, -1, 3]
    },
    {
      "name": "Amaj7",
      "notes": [-15, -11, -8, -4]
    },
    {
      "name": "Eb7",
      "notes": [
                -21,
                -2,
                1,
                7
            ]
    },
    {
      "name": "Abma7",
            "notes": [
                -16,
                0,
                3,
                7
            ]
    }
  ],
    "name": "Pieces of Stevie 2",
    "typeId": "native-instruments-chord-set",
    "uuid": "929a4c5a-6e17-4bca-8d9c-2dc20906785d",
    "version": "1.0.0"
}