{
    "chords": [
        {
            "name": "Fma7",
            "notes": [
                -19,
                0,
                4,
                5,
                9
            ]
        },
        {
            "name": "Fadd9",
            "notes": [
                -19,
                0,
                5,
                7,
                9
            ]
        },
        {
            "name": "F7",
            "notes": [
                -19,
                0,
                3,
                5,
                9
            ]
        },
        {
            "name": "Fma9",
            "notes": [
                -19,
                0,
                4,
                5,
                7,
                9
            ]
        },
        {
            "name": "Fma11",
            "notes": [
                -19,
                0,
                4,
                5,
                7,
                9,
                10
            ]
        },
        {
            "name": "Fmi7",
            "notes": [
                -19,
                0,
                3,
                5,
                8
            ]
        },
        {
            "name": "Fmi_Ab",
            "notes": [
                -16,
                0,
                5,
                8
            ]
        },
        {
            "name": "Fmi_G",
            "notes": [
                -17,
                0,
                5,
                8
            ]
        },
        {
            "name": "Fmi9",
            "notes": [
                -19,
                0,
                3,
                5,
                7,
                8
            ]
        },
        {
            "name": "Fmi11",
            "notes": [
                -19,
                0,
                3,
                5,
                7,
                8,
                10
            ]
        },
        {
            "name": "F6",
            "notes": [
                -19,
                0,
                2,
                5,
                9
            ]
        },
        {
            "name": "Faug",
            "notes": [
                -19,
                1,
                5,
                9,
                13
            ]
        }
    ],
    "name": "F Chords",
    "typeId": "native-instruments-chord-set",
    "uuid": "112d9297-89d2-598e-8b38-c55207a104c9",
    "version": "1.0.0"
}