{
    "chords": [
        {
            "name": "Eadd9",
            "notes": [
                -20,
                -1,
                4,
                6,
                8
            ]
        },
        {
            "name": "Ema9",
            "notes": [
                -20,
                -1,
                3,
                4,
                6,
                8
            ]
        },
        {
            "name": "Ema7",
            "notes": [
                -20,
                -1,
                3,
                4,
                8
            ]
        },
        {
            "name": "Emi7",
            "notes": [
                -20,
                -1,
                2,
                4,
                7
            ]
        },
        {
            "name": "Emi9",
            "notes": [
                -20,
                -1,
                3,
                4,
                6,
                7
            ]
        },
        {
            "name": "EmiSus2",
            "notes": [
                -20,
                -1,
                4,
                6,
                7,
                11
            ]
        },
        {
            "name": "Emi11",
            "notes": [
                -20,
                -1,
                2,
                4,
                6,
                7,
                9
            ]
        },
        {
            "name": "E11",
            "notes": [
                -20,
                -1,
                2,
                4,
                6,
                9
            ]
        },
        {
            "name": "Edim",
            "notes": [
                -20,
                -2,
                4,
                7,
                10
            ]
        },
        {
            "name": "Eaug",
            "notes": [
                -20,
                0,
                4,
                8,
                12
            ]
        },
        {
            "name": "Emi13",
            "notes": [
                -20,
                -1,
                2,
                4,
                7,
                13
            ]
        },
        {
            "name": "E7",
            "notes": [
                -20,
                -1,
                2,
                4,
                8
            ]
        }
    ],
    "name": "E Chords",
    "typeId": "native-instruments-chord-set",
    "uuid": "a31d69ad-a4f8-3a3a-0a6a-3257892872b1",
    "version": "1.0.0"
}