{
    "chords": [
        {
            "name": "Eb7",
            "notes": [
                -21,
                -2,
                3,
                7,
                13
            ]
        },
        {
            "name": "Ebadd9",
            "notes": [
                -21,
                -2,
                3,
                5,
                7
            ]
        },
        {
            "name": "Ebma7_F",
            "notes": [
                -19,
                -2,
                2,
                3,
                7
            ]
        },
        {
            "name": "Ebma7",
            "notes": [
                -21,
                -2,
                2,
                3,
                7
            ]
        },
        {
            "name": "Ebma9",
            "notes": [
                -21,
                -2,
                2,
                3,
                7,
                17
            ]
        },
        {
            "name": "Ebma11",
            "notes": [
                -21,
                -2,
                2,
                3,
                5,
                7,
                8
            ]
        },
        {
            "name": "Ebmi11",
            "notes": [
                -21,
                -2,
                3,
                6,
                8,
                13,
                17
            ]
        },
        {
            "name": "Ebmi7",
            "notes": [
                -21,
                -2,
                3,
                6,
                13
            ]
        },
        {
            "name": "Ebsus4",
            "notes": [
                -21,
                -2,
                3,
                8
            ]
        },
        {
            "name": "Ebsus2",
            "notes": [
                -21,
                -2,
                3,
                5
            ]
        },
        {
            "name": "Ebmi9",
            "notes": [
                -21,
                -2,
                3,
                5,
                6
            ]
        },
        {
            "name": "Ebmi7#9",
            "notes": [
                -21,
                -2,
                3,
                6,
                13
            ]
        }
    ],
    "name": "D# Chords",
    "typeId": "native-instruments-chord-set",
    "uuid": "f9833f87-8482-eb93-9845-be99eae7d85c",
    "version": "1.0.0"
}